{
  "instructions": {
    "user_name": {
      "category": "identity",
      "key": "user_name",
      "value": "Sujan",
      "original_message": "I am sujan",
      "confidence": 1.0,
      "created_at": 1763845120.9492412,
      "is_active": true
    },
    "preference": {
      "category": "default",
      "key": "preference",
      "value": "Remember that I prefer bullet points",
      "original_message": "Remember that I prefer bullet points",
      "confidence": 1.0,
      "created_at": 1763890766.6001222,
      "is_active": true
    }
  },
  "history": [
    {
      "category": "identity",
      "key": "user_name",
      "value": "Sujan",
      "original_message": "I am sujan",
      "confidence": 0.85,
      "created_at": 1763845120.9492412,
      "is_active": true,
      "action": "add"
    },
    {
      "category": "default",
      "key": "preference",
      "value": "Use EST timezone from now on",
      "original_message": "Use EST timezone from now on",
      "confidence": 0.6,
      "created_at": 1763890722.329785,
      "is_active": true,
      "action": "add"
    },
    {
      "category": "default",
      "key": "preference",
      "value": "Default project is KAN",
      "original_message": "Default project is KAN",
      "confidence": 0.6,
      "created_at": 1763890733.390037,
      "is_active": true,
      "action": "update"
    },
    {
      "category": "default",
      "key": "preference",
      "value": "Remember that I prefer bullet points",
      "original_message": "Remember that I prefer bullet points",
      "confidence": 0.6,
      "created_at": 1763890766.6001222,
      "is_active": true,
      "action": "update"
    }
  ],
  "saved_at": 1763890861.204978
}