{
  "projects": {},
  "user_preferences": {},
  "error_solutions": {},
  "patterns": {},
  "metadata_caches": {
    "github": {
      "_main": {
        "data": {
          "repositories": {},
          "fetched_at": 168138.487875083
        },
        "cached_at": "2025-11-23T15:05:09.528068",
        "ttl_seconds": 3600
      }
    },
    "jira": {
      "_main": {
        "data": {
          "projects": {},
          "transitions": {},
          "recent_issues": {},
          "fetched_at": 168144.184866583
        },
        "cached_at": "2025-11-23T15:05:15.225035",
        "ttl_seconds": 3600
      }
    },
    "google_calendar": {
      "_main": {
        "data": {
          "fetched_at": 168142.660948333,
          "calendars": [],
          "upcoming_events_count": 0,
          "time_context": {
            "current_time": "2025-11-23T15:05:13.701051+05:30",
            "current_date": "2025-11-23",
            "timezone": "Asia/Kolkata",
            "timezone_offset": "UTC+05:30",
            "day_of_week": "Sunday",
            "formatted_time": "03:05 PM",
            "formatted_date": "November 23, 2025"
          },
          "free_busy": {}
        },
        "cached_at": "2025-11-23T15:05:13.701117",
        "ttl_seconds": 1800
      }
    },
    "slack": {
      "_main": {
        "data": {
          "channels": {
            "C09M8QV7X55": {
              "id": "C09M8QV7X55",
              "name": "all-lazy-devs",
              "is_private": false,
              "is_archived": false,
              "num_members": 3
            },
            "C09MHSFK7PV": {
              "id": "C09MHSFK7PV",
              "name": "social",
              "is_private": false,
              "is_archived": false,
              "num_members": 2
            },
            "C09MHSPR119": {
              "id": "C09MHSPR119",
              "name": "lazy-devs-collab",
              "is_private": false,
              "is_archived": false,
              "num_members": 2
            },
            "C09MTRNQNP6": {
              "id": "C09MTRNQNP6",
              "name": "dev-opps",
              "is_private": false,
              "is_archived": false,
              "num_members": 3
            }
          },
          "users": {},
          "fetched_at": 168144.386844666
        },
        "cached_at": "2025-11-23T15:05:15.427011",
        "ttl_seconds": 3600
      }
    },
    "browser": {
      "_main": {
        "data": {
          "viewports": {
            "desktop": {
              "width": 1920,
              "height": 1080
            },
            "tablet": {
              "width": 768,
              "height": 1024
            },
            "mobile": {
              "width": 375,
              "height": 667
            }
          },
          "user_agents": {
            "chrome": "Mozilla/5.0 (Windows NT 10.0; Win64; x64) AppleWebKit/537.36 (KHTML, like Gecko) Chrome/120.0.0.0 Safari/537.36",
            "firefox": "Mozilla/5.0 (Windows NT 10.0; Win64; x64; rv:122.0) Gecko/20100101 Firefox/122.0",
            "safari": "Mozilla/5.0 (Macintosh; Intel Mac OS X 14_2) AppleWebKit/605.1.15 (KHTML, like Gecko) Version/17.2 Safari/605.1.15"
          },
          "fetched_at": 164762.196338333
        },
        "cached_at": "2025-11-23T14:08:53.246587",
        "ttl_seconds": 3600
      }
    },
    "scraper": {
      "_main": {
        "data": {
          "output_formats": [
            "markdown",
            "html",
            "json",
            "text",
            "links"
          ],
          "common_patterns": {
            "product": [
              "name",
              "price",
              "rating",
              "availability",
              "description"
            ],
            "article": [
              "title",
              "author",
              "date",
              "content",
              "tags"
            ],
            "contact": [
              "name",
              "email",
              "phone",
              "address",
              "website"
            ]
          },
          "crawl_limits": {
            "max_depth": 3,
            "max_pages": 100
          },
          "fetched_at": 164627.522104041
        },
        "cached_at": "2025-11-23T14:06:38.571020",
        "ttl_seconds": 3600
      }
    },
    "code_reviewer": {
      "_main": {
        "data": {
          "security_patterns": [
            "sql_injection",
            "xss",
            "hardcoded_secrets",
            "weak_auth",
            "missing_validation",
            "insecure_deserialization"
          ],
          "performance_patterns": [
            "n_plus_one",
            "nested_loops",
            "memory_leaks",
            "blocking_io",
            "missing_caching",
            "inefficient_queries"
          ],
          "quality_patterns": [
            "long_functions",
            "code_duplication",
            "magic_numbers",
            "poor_naming",
            "missing_error_handling",
            "low_test_coverage"
          ],
          "languages_supported": [
            "python",
            "javascript",
            "typescript",
            "java",
            "go",
            "csharp",
            "ruby",
            "php",
            "rust",
            "cpp"
          ],
          "fetched_at": 165010.816302083
        },
        "cached_at": "2025-11-23T14:13:01.865274",
        "ttl_seconds": 3600
      }
    }
  },
  "version": "1.0"
}