{
  "timezone": {
    "key": "timezone",
    "value": "UTC",
    "category": "preference",
    "importance": 0.9,
    "updated_at": 1763890731.949599,
    "source": "user"
  },
  "user_name": {
    "key": "user_name",
    "value": "TestUser",
    "category": "identity",
    "importance": 1.0,
    "updated_at": 1763890715.874655,
    "source": "user"
  },
  "user_email": {
    "key": "user_email",
    "value": "testuser@test.com",
    "category": "identity",
    "importance": 1.0,
    "updated_at": 1763890721.010111,
    "source": "user"
  },
  "user_team": {
    "key": "user_team",
    "value": "engineering",
    "category": "identity",
    "importance": 1.0,
    "updated_at": 1763890657.485445,
    "source": "user"
  },
  "current_focus": {
    "key": "current_focus",
    "value": "KAN project",
    "category": "context",
    "importance": 0.7,
    "updated_at": 1763890689.1752572,
    "source": "user"
  },
  "preference": {
    "key": "preference",
    "value": "Remember that I prefer bullet points",
    "category": "default",
    "importance": 0.8,
    "updated_at": 1763890766.60012,
    "source": "explicit"
  },
  "default_project": {
    "key": "default_project",
    "value": "KAN",
    "category": "default",
    "importance": 0.8,
    "updated_at": 1763890736.8047051,
    "source": "user"
  },
  "default_assignee": {
    "key": "default_assignee",
    "value": "testuser@test.com",
    "category": "default",
    "importance": 0.8,
    "updated_at": 1763890741.725388,
    "source": "user"
  },
  "notification_min_time": {
    "key": "notification_min_time",
    "value": "9am",
    "category": "preference",
    "importance": 0.9,
    "updated_at": 1763890747.3380768,
    "source": "user"
  },
  "confirm_before_delete": {
    "key": "confirm_before_delete",
    "value": "true",
    "category": "preference",
    "importance": 0.9,
    "updated_at": 1763890752.7953348,
    "source": "user"
  },
  "response_style": {
    "key": "response_style",
    "value": "concise",
    "category": "preference",
    "importance": 0.9,
    "updated_at": 1763890758.298558,
    "source": "user"
  },
  "debug_mode": {
    "key": "debug_mode",
    "value": "verbose",
    "category": "preference",
    "importance": 0.9,
    "updated_at": 1763890765.181484,
    "source": "user"
  },
  "preferred_list_style": {
    "key": "preferred_list_style",
    "value": "bullet points",
    "category": "preference",
    "importance": 0.9,
    "updated_at": 1763890768.463766,
    "source": "user"
  }
}