{
  "h.sujan2004@gmail.com": {
    "value": "h.sujan2004@gmail.com",
    "first_seen": 1763845636.285738,
    "last_seen": 1763888095.5900538,
    "mention_count": 5
  },
  "est": {
    "value": "EST",
    "first_seen": 1763845636.285739,
    "last_seen": 1763890725.371966,
    "mention_count": 4
  },
  "pst": {
    "value": "PST",
    "first_seen": 1763890585.288269,
    "last_seen": 1763890585.288269,
    "mention_count": 1
  },
  "api": {
    "value": "API",
    "first_seen": 1763890641.043408,
    "last_seen": 1763890641.043408,
    "mention_count": 1
  },
  "test@example.com": {
    "value": "test@example.com",
    "first_seen": 1763890646.725968,
    "last_seen": 1763890646.725968,
    "mention_count": 1
  },
  "john.doe@company.org": {
    "value": "john.doe@company.org",
    "first_seen": 1763890652.218129,
    "last_seen": 1763890652.218129,
    "mention_count": 1
  },
  "pm": {
    "value": "PM",
    "first_seen": 1763890668.326705,
    "last_seen": 1763890668.326705,
    "mention_count": 1
  },
  "kan": {
    "value": "KAN",
    "first_seen": 1763890690.836141,
    "last_seen": 1763890738.057371,
    "mention_count": 2
  },
  "prod-456": {
    "value": "PROD-456",
    "first_seen": 1763890711.134996,
    "last_seen": 1763890711.134996,
    "mention_count": 1
  },
  "testuser@test.com": {
    "value": "testuser@test.com",
    "first_seen": 1763890722.329226,
    "last_seen": 1763890722.329226,
    "mention_count": 1
  },
  "utc": {
    "value": "UTC",
    "first_seen": 1763890733.389049,
    "last_seen": 1763890733.389049,
    "mention_count": 1
  }
}