{
  "sessions": [
    {
      "session_id": "b90824a4-57f7-4f29-ac1c-bff4964ffec4",
      "start_time": 1763886996.7890391,
      "end_time": 1763887126.174431,
      "message_count": 1,
      "entities": [],
      "intents": [],
      "agents_used": [],
      "importance_score": 0.52,
      "user_messages": [
        "Hey"
      ],
      "summary": "1 messages about "
    },
    {
      "session_id": "bd7c4577-a344-47fa-b59e-86d69570bc41",
      "start_time": 1763887130.743166,
      "end_time": 1763887377.052586,
      "message_count": 2,
      "entities": [
        "h.sujan2004@gmail.com"
      ],
      "intents": [
        "unknown"
      ],
      "agents_used": [],
      "importance_score": 0.6100000000000001,
      "user_messages": [
        "Hey",
        "me email is h.sujan2004@gmail.com"
      ],
      "summary": "2 messages about h.sujan2004@gmail.com"
    },
    {
      "session_id": "161c092c-9e2a-4fb5-a063-960e42066436",
      "start_time": 1763887381.701354,
      "end_time": 1763887487.748186,
      "message_count": 1,
      "entities": [
        "h.sujan2004@gmail.com"
      ],
      "intents": [],
      "agents_used": [],
      "importance_score": 0.54,
      "user_messages": [
        "Hey what ios my name ?? and my email is h.sujan2004@gmail.com"
      ],
      "summary": "1 messages about h.sujan2004@gmail.com"
    },
    {
      "session_id": "4954ad93-12cc-48b3-a5c6-e0aadd665634",
      "start_time": 1763887495.093382,
      "end_time": 1763887700.961081,
      "message_count": 1,
      "entities": [
        "h.sujan2004@gmail.com"
      ],
      "intents": [],
      "agents_used": [],
      "importance_score": 0.54,
      "user_messages": [
        "hye mu email is h.sujan2004@gmail.com"
      ],
      "summary": "1 messages about h.sujan2004@gmail.com"
    },
    {
      "session_id": "7b5cb1b2-f8b3-4c50-921f-54c6f7b94ea5",
      "start_time": 1763887707.653676,
      "end_time": 1763887934.7954829,
      "message_count": 2,
      "entities": [],
      "intents": [
        "update"
      ],
      "agents_used": [],
      "importance_score": 0.5900000000000001,
      "user_messages": [
        "Hey my email . h.sikam2004@gmail/com",
        "Hey my email . h.sikam2004@gmail/com"
      ],
      "summary": "2 messages about "
    },
    {
      "session_id": "2e0e1309-f2fc-4df3-a097-2aff35785135",
      "start_time": 1763888074.642633,
      "end_time": 1763888276.139951,
      "message_count": 1,
      "entities": [
        "h.sujan2004@gmail.com"
      ],
      "intents": [],
      "agents_used": [],
      "importance_score": 0.54,
      "user_messages": [
        "Hey  my email is h.sujan2004@gmail.com"
      ],
      "summary": "1 messages about h.sujan2004@gmail.com"
    },
    {
      "session_id": "55ee8ea3-0886-4817-ba94-f9a46a4f4d8d",
      "start_time": 1763888294.668452,
      "end_time": 1763888756.649023,
      "message_count": 2,
      "entities": [
        "EST"
      ],
      "intents": [
        "read"
      ],
      "agents_used": [],
      "importance_score": 0.6100000000000001,
      "user_messages": [
        "What is my email",
        "can you use EST form now"
      ],
      "summary": "2 messages about EST"
    },
    {
      "session_id": "be05ce96-93e0-4a58-a481-f72a30a381a0",
      "start_time": 1763888993.7665339,
      "end_time": 1763889070.481119,
      "message_count": 2,
      "entities": [
        "EST"
      ],
      "intents": [
        "read"
      ],
      "agents_used": [],
      "importance_score": 0.6100000000000001,
      "user_messages": [
        "Hey whats my name and email",
        "can you chane timezone to EST"
      ],
      "summary": "2 messages about EST"
    },
    {
      "session_id": "1ca2b88f-44c5-4050-b927-aaec0b64f62c",
      "start_time": 1763889086.9251258,
      "end_time": 1763889130.7997818,
      "message_count": 1,
      "entities": [],
      "intents": [],
      "agents_used": [],
      "importance_score": 0.52,
      "user_messages": [
        "Use idnian time form now and also stay concise with your answers"
      ],
      "summary": "1 messages about "
    },
    {
      "session_id": "21923d1e-db1c-4492-a381-8c59d1bba2a8",
      "start_time": 1763890494.9403222,
      "end_time": 1763890878.945785,
      "message_count": 42,
      "entities": [
        "API",
        "PROD-456",
        "test@example.com",
        "KAN",
        "john.doe@company.org",
        "UTC",
        "EST",
        "PM",
        "PST",
        "testuser@test.com"
      ],
      "intents": [
        "read",
        "create",
        "coordinate",
        "update",
        "delete",
        "search",
        "unknown",
        "analyze",
        "instruct"
      ],
      "agents_used": [
        "jira",
        "google_calendar",
        "slack"
      ],
      "importance_score": 1.0,
      "user_messages": [
        "What is my email?",
        "Show me my calendar for today",
        "List all my open Jira tickets",
        "What time is it in my timezone?",
        "Create a new task called \"Review PRs\""
      ],
      "summary": "42 messages about API, PROD-456, test@example.com"
    }
  ]
}